ctime,datname,pid,usesysid,usename,application_name,client_addr,client_port,backend_start,xact_start,query_start,waiting,query,state,state_change
1416383923.02473,dbt3,6650,10,mark,psql,,-1,2014-11-19 08:58:43.020916+01,2014-11-19 08:58:43.022511+01,2014-11-19 08:58:43.022629+01,f,"EXPLAIN
select
	n_name,
	sum(l_extendedprice * (1 - l_discount)) as revenue
from
	customer,
	orders,
	lineitem,
	supplier,
	nation,
	region
where
	c_custkey = o_custkey
	and l_orderkey = o_orderkey
	and l_suppkey = s_suppkey
	and c_nationkey = s_nationkey
	and s_nationkey = n_nationkey
	and n_regionkey = r_regionkey
	and r_name = 'MIDDLE EAST'
	and o_orderdate >= date '1996-01-01'
	and o_orderdate < date '1996-01-01' + interval '1 year'
group by
	n_name
order by
	revenue desc;",active,2014-11-19 08:58:43.02263+01
1416383923.02473,dbt3,6649,10,mark,psql,,-1,2014-11-19 08:58:43.020763+01,2014-11-19 08:58:43.022289+01,2014-11-19 08:58:43.022448+01,f,"EXPLAIN
select
	s_name,
	count(*) as numwait
from
	supplier,
	lineitem l1,
	orders,
	nation
where
	s_suppkey = l1.l_suppkey
	and o_orderkey = l1.l_orderkey
	and o_orderstatus = 'F'
	and l1.l_receiptdate > l1.l_commitdate
	and exists (
		select
			*
		from
			lineitem l2
		where
			l2.l_orderkey = l1.l_orderkey
			and l2.l_suppkey <> l1.l_suppkey
	)
	and not exists (
		select
			*
		from
			lineitem l3
		where
			l3.l_orderkey = l1.l_orderkey
			and l3.l_suppkey <> l1.l_suppkey
			and l3.l_receiptdate > l3.l_commitdate
	)
	and s_nationkey = n_nationkey
	and n_name = 'INDIA'
group by
	s_name
order by
	numwait desc,
	s_name
LIMIT 100;",active,2014-11-19 08:58:43.02245+01
1416383923.02473,dbt3,6651,10,mark,psql,,-1,2014-11-19 08:58:43.020997+01,2014-11-19 08:58:43.022562+01,2014-11-19 08:58:43.022698+01,f,"EXPLAIN
select
	o_year,
	sum(case
		when nation = 'GERMANY' then volume
		else 0
	end) / sum(volume) as mkt_share
from
	(
		select
			extract(year from o_orderdate) as o_year,
			l_extendedprice * (1 - l_discount) as volume,
			n2.n_name as nation
		from
			part,
			supplier,
			lineitem,
			orders,
			customer,
			nation n1,
			nation n2,
			region
		where
			p_partkey = l_partkey
			and s_suppkey = l_suppkey
			and l_orderkey = o_orderkey
			and o_custkey = c_custkey
			and c_nationkey = n1.n_nationkey
			and n1.n_regionkey = r_regionkey
			and r_name = 'EUROPE'
			and s_nationkey = n2.n_nationkey
			and o_orderdate between date '1995-01-01' and date '1996-12-31'
			and p_type = 'SMALL ANODIZED NICKEL'
	) as all_nations
group by
	o_year
order by
	o_year;",active,2014-11-19 08:58:43.0227+01
1416383923.02473,dbt3,6652,10,mark,psql,,-1,2014-11-19 08:58:43.021117+01,2014-11-19 08:58:43.022576+01,2014-11-19 08:58:43.022751+01,f,"EXPLAIN
select
	s_name,
	count(*) as numwait
from
	supplier,
	lineitem l1,
	orders,
	nation
where
	s_suppkey = l1.l_suppkey
	and o_orderkey = l1.l_orderkey
	and o_orderstatus = 'F'
	and l1.l_receiptdate > l1.l_commitdate
	and exists (
		select
			*
		from
			lineitem l2
		where
			l2.l_orderkey = l1.l_orderkey
			and l2.l_suppkey <> l1.l_suppkey
	)
	and not exists (
		select
			*
		from
			lineitem l3
		where
			l3.l_orderkey = l1.l_orderkey
			and l3.l_suppkey <> l1.l_suppkey
			and l3.l_receiptdate > l3.l_commitdate
	)
	and s_nationkey = n_nationkey
	and n_name = 'ARGENTINA'
group by
	s_name
order by
	numwait desc,
	s_name
LIMIT 100;",active,2014-11-19 08:58:43.022753+01
1416383923.02473,dbt3,6654,10,mark,psql,,-1,2014-11-19 08:58:43.021325+01,2014-11-19 08:58:43.022661+01,2014-11-19 08:58:43.022785+01,f,"EXPLAIN
select
	c_custkey,
	c_name,
	sum(l_extendedprice * (1 - l_discount)) as revenue,
	c_acctbal,
	n_name,
	c_address,
	c_phone,
	c_comment
from
	customer,
	orders,
	lineitem,
	nation
where
	c_custkey = o_custkey
	and l_orderkey = o_orderkey
	and o_orderdate >= date '1994-03-01'
	and o_orderdate < cast(date '1994-03-01' + interval '3 month' as date)
	and l_returnflag = 'R'
	and c_nationkey = n_nationkey
group by
	c_custkey,
	c_name,
	c_acctbal,
	c_phone,
	n_name,
	c_address,
	c_comment
order by
	revenue desc
LIMIT 20;",active,2014-11-19 08:58:43.022787+01
1416383923.02473,dbt3,6662,10,mark,psql,,-1,2014-11-19 08:58:43.023099+01,2014-11-19 08:58:43.024498+01,2014-11-19 08:58:43.024498+01,f,"COPY (SELECT EXTRACT(EPOCH FROM TRANSACTION_TIMESTAMP()) AS ctime, relname, pid, mode, granted FROM pg_locks, pg_class WHERE relfilenode = relation ORDER BY relname) TO STDOUT (FORMAT CSV, HEADER);",active,2014-11-19 08:58:43.024502+01
1416383923.02473,dbt3,6663,10,mark,psql,,-1,2014-11-19 08:58:43.023233+01,2014-11-19 08:58:43.024672+01,2014-11-19 08:58:43.024672+01,f,"COPY (SELECT EXTRACT(EPOCH FROM TRANSACTION_TIMESTAMP()) AS ctime, datname, numbackends, xact_commit, xact_rollback, blks_read, blks_hit, tup_returned, tup_fetched, tup_inserted, tup_updated, tup_deleted FROM pg_stat_database) TO STDOUT (FORMAT CSV, HEADER);",active,2014-11-19 08:58:43.024675+01
1416383923.02473,dbt3,6664,10,mark,psql,,-1,2014-11-19 08:58:43.023317+01,2014-11-19 08:58:43.024735+01,2014-11-19 08:58:43.024735+01,f,"COPY (SELECT EXTRACT(EPOCH FROM TRANSACTION_TIMESTAMP()) AS ctime, datname, pid, usesysid, usename, application_name, client_addr, client_port, backend_start, xact_start, query_start, waiting, query , state, state_change FROM pg_stat_activity) TO STDOUT (FORMAT CSV, HEADER);",active,2014-11-19 08:58:43.024752+01
1416383923.02473,dbt3,6665,10,mark,psql,,-1,2014-11-19 08:58:43.023487+01,2014-11-19 08:58:43.024879+01,2014-11-19 08:58:43.024879+01,f,"COPY (SELECT EXTRACT(EPOCH FROM TRANSACTION_TIMESTAMP()) AS ctime, a.schemaname, a.relname, seq_scan, seq_tup_read, idx_scan, idx_tup_fetch, n_tup_ins, n_tup_upd, n_tup_del, n_tup_hot_upd, n_live_tup, n_dead_tup, heap_blks_read, heap_blks_hit, idx_blks_read, idx_blks_hit, toast_blks_read, toast_blks_hit, tidx_blks_read, tidx_blks_hit FROM pg_statio_all_tables a, pg_stat_all_tables b WHERE a.relid = b.relid) TO STDOUT (FORMAT CSV, HEADER);",active,2014-11-19 08:58:43.024883+01
1416383923.02473,dbt3,6666,10,mark,psql,,-1,2014-11-19 08:58:43.023591+01,2014-11-19 08:58:43.024959+01,2014-11-19 08:58:43.024959+01,f,"COPY (SELECT EXTRACT(EPOCH FROM TRANSACTION_TIMESTAMP()) AS ctime, a.schemaname, a.relname, a.indexrelname, idx_scan, idx_tup_read, idx_tup_fetch, idx_blks_read, idx_blks_hit FROM pg_stat_all_indexes a, pg_statio_all_indexes b WHERE a.indexrelid = b.indexrelid) TO STDOUT (FORMAT CSV, HEADER);",active,2014-11-19 08:58:43.024962+01
1416383983.02788,dbt3,7750,10,mark,psql,,-1,2014-11-19 08:59:42.750032+01,2014-11-19 08:59:42.751583+01,2014-11-19 08:59:42.75177+01,f,"select
	c_name,
	c_custkey,
	o_orderkey,
	o_orderdate,
	o_totalprice,
	sum(l_quantity)
from
	customer,
	orders,
	lineitem
where
	o_orderkey in (
		select
			l_orderkey
		from
			lineitem
		group by
			l_orderkey having
				sum(l_quantity) > 315
	)
	and c_custkey = o_custkey
	and o_orderkey = l_orderkey
group by
	c_name,
	c_custkey,
	o_orderkey,
	o_orderdate,
	o_totalprice
order by
	o_totalprice desc,
	o_orderdate
LIMIT 100;",active,2014-11-19 08:59:42.751772+01
1416383983.02788,dbt3,7725,10,mark,psql,,-1,2014-11-19 08:59:39.399317+01,2014-11-19 08:59:39.400797+01,2014-11-19 08:59:39.400924+01,f,"select
	o_orderpriority,
	count(*) as order_count
from
	orders
where
	o_orderdate >= date '1997-06-01'
	and o_orderdate < cast(date '1997-06-01' + interval '3 month' as date)
	and exists (
		select
			*
		from
			lineitem
		where
			l_orderkey = o_orderkey
			and l_commitdate < l_receiptdate
	)
group by
	o_orderpriority
order by
	o_orderpriority;",active,2014-11-19 08:59:39.400925+01
1416383983.02788,dbt3,7688,10,mark,psql,,-1,2014-11-19 08:59:33.492713+01,2014-11-19 08:59:33.494456+01,2014-11-19 08:59:33.499044+01,f,"select
	s_suppkey,
	s_name,
	s_address,
	s_phone,
	total_revenue
from
	supplier,
	revenue6
where
	s_suppkey = supplier_no
	and total_revenue = (
		select
			max(total_revenue)
		from
			revenue6
	)
order by
	s_suppkey;",active,2014-11-19 08:59:33.499046+01
1416383983.02788,dbt3,7668,10,mark,psql,,-1,2014-11-19 08:59:33.005021+01,2014-11-19 08:59:33.006514+01,2014-11-19 08:59:33.00671+01,f,"select
	nation,
	o_year,
	sum(amount) as sum_profit
from
	(
		select
			n_name as nation,
			extract(year from o_orderdate) as o_year,
			l_extendedprice * (1 - l_discount) - ps_supplycost * l_quantity as amount
		from
			part,
			supplier,
			lineitem,
			partsupp,
			orders,
			nation
		where
			s_suppkey = l_suppkey
			and ps_suppkey = l_suppkey
			and ps_partkey = l_partkey
			and p_partkey = l_partkey
			and o_orderkey = l_orderkey
			and s_nationkey = n_nationkey
			and p_name like '%dark%'
	) as profit
group by
	nation,
	o_year
order by
	nation,
	o_year desc;",active,2014-11-19 08:59:33.006712+01
1416383983.02788,dbt3,7658,10,mark,psql,,-1,2014-11-19 08:59:31.119325+01,2014-11-19 08:59:31.121034+01,2014-11-19 08:59:31.121193+01,f,"select
	supp_nation,
	cust_nation,
	l_year,
	sum(volume) as revenue
from
	(
		select
			n1.n_name as supp_nation,
			n2.n_name as cust_nation,
			extract(year from l_shipdate) as l_year,
			l_extendedprice * (1 - l_discount) as volume
		from
			supplier,
			lineitem,
			orders,
			customer,
			nation n1,
			nation n2
		where
			s_suppkey = l_suppkey
			and o_orderkey = l_orderkey
			and c_custkey = o_custkey
			and s_nationkey = n1.n_nationkey
			and c_nationkey = n2.n_nationkey
			and (
				(n1.n_name = 'FRANCE' and n2.n_name = 'GERMANY')
				or (n1.n_name = 'GERMANY' and n2.n_name = 'FRANCE')
			)
			and l_shipdate between date '1995-01-01' and date '1996-12-31'
	) as shipping
group by
	supp_nation,
	cust_nation,
	l_year
order by
	supp_nation,
	cust_nation,
	l_year;",active,2014-11-19 08:59:31.121194+01
1416383983.02788,dbt3,7735,10,mark,psql,,-1,2014-11-19 08:59:39.978663+01,2014-11-19 08:59:39.980251+01,2014-11-19 08:59:39.984529+01,f,"select
	s_suppkey,
	s_name,
	s_address,
	s_phone,
	total_revenue
from
	supplier,
	revenue4
where
	s_suppkey = supplier_no
	and total_revenue = (
		select
			max(total_revenue)
		from
			revenue4
	)
order by
	s_suppkey;",active,2014-11-19 08:59:39.98453+01
1416383983.02788,dbt3,7739,10,mark,psql,,-1,2014-11-19 08:59:40.552042+01,2014-11-19 08:59:40.553759+01,2014-11-19 08:59:40.55394+01,f,"COPY lineitem
FROM '/AXLE/mark/dbt3/dss/lineitem.tbl.u4'
USING DELIMITERS '|';",active,2014-11-19 08:59:40.553942+01
1416383983.02788,dbt3,7758,10,mark,psql,,-1,2014-11-19 08:59:43.025603+01,2014-11-19 08:59:43.027394+01,2014-11-19 08:59:43.027394+01,f,"COPY (SELECT EXTRACT(EPOCH FROM TRANSACTION_TIMESTAMP()) AS ctime, relname, pid, mode, granted FROM pg_locks, pg_class WHERE relfilenode = relation ORDER BY relname) TO STDOUT (FORMAT CSV);",active,2014-11-19 08:59:43.027399+01
1416383983.02788,dbt3,7759,10,mark,psql,,-1,2014-11-19 08:59:43.025651+01,2014-11-19 08:59:43.027408+01,2014-11-19 08:59:43.027408+01,f,"COPY (SELECT EXTRACT(EPOCH FROM TRANSACTION_TIMESTAMP()) AS ctime, a.schemaname, a.relname, a.indexrelname, idx_scan, idx_tup_read, idx_tup_fetch, idx_blks_read, idx_blks_hit FROM pg_stat_all_indexes a, pg_statio_all_indexes b WHERE a.indexrelid = b.indexrelid) TO STDOUT (FORMAT CSV);",active,2014-11-19 08:59:43.027412+01
1416383983.02788,dbt3,7757,10,mark,psql,,-1,2014-11-19 08:59:43.025476+01,2014-11-19 08:59:43.027881+01,2014-11-19 08:59:43.027881+01,f,"COPY (SELECT EXTRACT(EPOCH FROM TRANSACTION_TIMESTAMP()) AS ctime, datname, pid, usesysid, usename, application_name, client_addr, client_port, backend_start, xact_start, query_start, waiting, query , state, state_change FROM pg_stat_activity) TO STDOUT (FORMAT CSV);",active,2014-11-19 08:59:43.027885+01
1416383983.02788,dbt3,7760,10,mark,psql,,-1,2014-11-19 08:59:43.025795+01,2014-11-19 08:59:43.027395+01,2014-11-19 08:59:43.027395+01,f,"COPY (SELECT EXTRACT(EPOCH FROM TRANSACTION_TIMESTAMP()) AS ctime, datname, numbackends, xact_commit, xact_rollback, blks_read, blks_hit, tup_returned, tup_fetched, tup_inserted, tup_updated, tup_deleted FROM pg_stat_database) TO STDOUT (FORMAT CSV);",active,2014-11-19 08:59:43.027399+01
1416383983.02788,dbt3,7761,10,mark,psql,,-1,2014-11-19 08:59:43.025871+01,2014-11-19 08:59:43.027432+01,2014-11-19 08:59:43.027432+01,f,"COPY (SELECT EXTRACT(EPOCH FROM TRANSACTION_TIMESTAMP()) AS ctime, a.schemaname, a.relname, seq_scan, seq_tup_read, idx_scan, idx_tup_fetch, n_tup_ins, n_tup_upd, n_tup_del, n_tup_hot_upd, n_live_tup, n_dead_tup, heap_blks_read, heap_blks_hit, idx_blks_read, idx_blks_hit, toast_blks_read, toast_blks_hit, tidx_blks_read, tidx_blks_hit FROM pg_statio_all_tables a, pg_stat_all_tables b WHERE a.relid = b.relid) TO STDOUT (FORMAT CSV);",active,2014-11-19 08:59:43.027436+01
1416384043.02927,dbt3,7971,10,mark,psql,,-1,2014-11-19 09:00:39.1775+01,2014-11-19 09:00:39.179362+01,2014-11-19 09:00:39.1795+01,f,"select
	n_name,
	sum(l_extendedprice * (1 - l_discount)) as revenue
from
	customer,
	orders,
	lineitem,
	supplier,
	nation,
	region
where
	c_custkey = o_custkey
	and l_orderkey = o_orderkey
	and l_suppkey = s_suppkey
	and c_nationkey = s_nationkey
	and s_nationkey = n_nationkey
	and n_regionkey = r_regionkey
	and r_name = 'AMERICA'
	and o_orderdate >= date '1995-01-01'
	and o_orderdate < date '1995-01-01' + interval '1 year'
group by
	n_name
order by
	revenue desc;",active,2014-11-19 09:00:39.179501+01
1416384043.02927,dbt3,7927,10,mark,psql,,-1,2014-11-19 09:00:29.611221+01,2014-11-19 09:00:29.612624+01,2014-11-19 09:00:29.612773+01,f,"select
	c_name,
	c_custkey,
	o_orderkey,
	o_orderdate,
	o_totalprice,
	sum(l_quantity)
from
	customer,
	orders,
	lineitem
where
	o_orderkey in (
		select
			l_orderkey
		from
			lineitem
		group by
			l_orderkey having
				sum(l_quantity) > 313
	)
	and c_custkey = o_custkey
	and o_orderkey = l_orderkey
group by
	c_name,
	c_custkey,
	o_orderkey,
	o_orderdate,
	o_totalprice
order by
	o_totalprice desc,
	o_orderdate
LIMIT 100;",active,2014-11-19 09:00:29.612774+01
1416384043.02927,dbt3,7945,10,mark,psql,,-1,2014-11-19 09:00:32.498021+01,2014-11-19 09:00:32.499603+01,2014-11-19 09:00:32.499801+01,f,"select
	o_orderpriority,
	count(*) as order_count
from
	orders
where
	o_orderdate >= date '1994-11-01'
	and o_orderdate < cast(date '1994-11-01' + interval '3 month' as date)
	and exists (
		select
			*
		from
			lineitem
		where
			l_orderkey = o_orderkey
			and l_commitdate < l_receiptdate
	)
group by
	o_orderpriority
order by
	o_orderpriority;",active,2014-11-19 09:00:32.499803+01
1416384043.02927,dbt3,7668,10,mark,psql,,-1,2014-11-19 08:59:33.005021+01,2014-11-19 08:59:33.006514+01,2014-11-19 08:59:33.00671+01,f,"select
	nation,
	o_year,
	sum(amount) as sum_profit
from
	(
		select
			n_name as nation,
			extract(year from o_orderdate) as o_year,
			l_extendedprice * (1 - l_discount) - ps_supplycost * l_quantity as amount
		from
			part,
			supplier,
			lineitem,
			partsupp,
			orders,
			nation
		where
			s_suppkey = l_suppkey
			and ps_suppkey = l_suppkey
			and ps_partkey = l_partkey
			and p_partkey = l_partkey
			and o_orderkey = l_orderkey
			and s_nationkey = n_nationkey
			and p_name like '%dark%'
	) as profit
group by
	nation,
	o_year
order by
	nation,
	o_year desc;",active,2014-11-19 08:59:33.006712+01
1416384043.02927,dbt3,7805,10,mark,psql,,-1,2014-11-19 08:59:50.190976+01,2014-11-19 08:59:50.192463+01,2014-11-19 08:59:50.192624+01,f,"select
	l_returnflag,
	l_linestatus,
	sum(l_quantity) as sum_qty,
	sum(l_extendedprice) as sum_base_price,
	sum(l_extendedprice * (1 - l_discount)) as sum_disc_price,
	sum(l_extendedprice * (1 - l_discount) * (1 + l_tax)) as sum_charge,
	avg(l_quantity) as avg_qty,
	avg(l_extendedprice) as avg_price,
	avg(l_discount) as avg_disc,
	count(*) as count_order
from
	lineitem
where
	l_shipdate <= date '1998-12-01' - interval '111 days'
group by
	l_returnflag,
	l_linestatus
order by
	l_returnflag,
	l_linestatus;",active,2014-11-19 08:59:50.192626+01
1416384043.02927,dbt3,7981,10,mark,psql,,-1,2014-11-19 09:00:41.289592+01,2014-11-19 09:00:41.291328+01,2014-11-19 09:00:41.291458+01,f,"select
	nation,
	o_year,
	sum(amount) as sum_profit
from
	(
		select
			n_name as nation,
			extract(year from o_orderdate) as o_year,
			l_extendedprice * (1 - l_discount) - ps_supplycost * l_quantity as amount
		from
			part,
			supplier,
			lineitem,
			partsupp,
			orders,
			nation
		where
			s_suppkey = l_suppkey
			and ps_suppkey = l_suppkey
			and ps_partkey = l_partkey
			and p_partkey = l_partkey
			and o_orderkey = l_orderkey
			and s_nationkey = n_nationkey
			and p_name like '%wheat%'
	) as profit
group by
	nation,
	o_year
order by
	nation,
	o_year desc;",active,2014-11-19 09:00:41.29146+01
1416384043.02927,dbt3,7961,10,mark,psql,,-1,2014-11-19 09:00:36.017465+01,2014-11-19 09:00:36.01906+01,2014-11-19 09:00:36.042043+01,f,"DELETE FROM lineitem
USING tmp_orderkey5
WHERE l_orderkey = orderkey;",active,2014-11-19 09:00:36.042044+01
1416384043.02927,dbt3,7989,10,mark,psql,,-1,2014-11-19 09:00:43.027317+01,2014-11-19 09:00:43.029117+01,2014-11-19 09:00:43.029117+01,f,"COPY (SELECT EXTRACT(EPOCH FROM TRANSACTION_TIMESTAMP()) AS ctime, relname, pid, mode, granted FROM pg_locks, pg_class WHERE relfilenode = relation ORDER BY relname) TO STDOUT (FORMAT CSV);",active,2014-11-19 09:00:43.029122+01
1416384043.02927,dbt3,7990,10,mark,psql,,-1,2014-11-19 09:00:43.027445+01,2014-11-19 09:00:43.029272+01,2014-11-19 09:00:43.029272+01,f,"COPY (SELECT EXTRACT(EPOCH FROM TRANSACTION_TIMESTAMP()) AS ctime, datname, pid, usesysid, usename, application_name, client_addr, client_port, backend_start, xact_start, query_start, waiting, query , state, state_change FROM pg_stat_activity) TO STDOUT (FORMAT CSV);",active,2014-11-19 09:00:43.029275+01
1416384043.02927,dbt3,7991,10,mark,psql,,-1,2014-11-19 09:00:43.027496+01,2014-11-19 09:00:43.029142+01,2014-11-19 09:00:43.029142+01,f,"COPY (SELECT EXTRACT(EPOCH FROM TRANSACTION_TIMESTAMP()) AS ctime, a.schemaname, a.relname, seq_scan, seq_tup_read, idx_scan, idx_tup_fetch, n_tup_ins, n_tup_upd, n_tup_del, n_tup_hot_upd, n_live_tup, n_dead_tup, heap_blks_read, heap_blks_hit, idx_blks_read, idx_blks_hit, toast_blks_read, toast_blks_hit, tidx_blks_read, tidx_blks_hit FROM pg_statio_all_tables a, pg_stat_all_tables b WHERE a.relid = b.relid) TO STDOUT (FORMAT CSV);",active,2014-11-19 09:00:43.029145+01
1416384043.02927,dbt3,7992,10,mark,psql,,-1,2014-11-19 09:00:43.027628+01,2014-11-19 09:00:43.029197+01,2014-11-19 09:00:43.029197+01,f,"COPY (SELECT EXTRACT(EPOCH FROM TRANSACTION_TIMESTAMP()) AS ctime, datname, numbackends, xact_commit, xact_rollback, blks_read, blks_hit, tup_returned, tup_fetched, tup_inserted, tup_updated, tup_deleted FROM pg_stat_database) TO STDOUT (FORMAT CSV);",active,2014-11-19 09:00:43.029201+01
1416384043.02927,dbt3,7993,10,mark,psql,,-1,2014-11-19 09:00:43.027706+01,2014-11-19 09:00:43.029215+01,2014-11-19 09:00:43.029215+01,f,"COPY (SELECT EXTRACT(EPOCH FROM TRANSACTION_TIMESTAMP()) AS ctime, a.schemaname, a.relname, a.indexrelname, idx_scan, idx_tup_read, idx_tup_fetch, idx_blks_read, idx_blks_hit FROM pg_stat_all_indexes a, pg_statio_all_indexes b WHERE a.indexrelid = b.indexrelid) TO STDOUT (FORMAT CSV);",active,2014-11-19 09:00:43.029218+01
1416384103.03095,dbt3,8163,10,mark,psql,,-1,2014-11-19 09:01:35.086938+01,2014-11-19 09:01:35.088893+01,2014-11-19 09:01:35.089049+01,f,"select
	l_shipmode,
	sum(case
		when o_orderpriority = '1-URGENT'
			or o_orderpriority = '2-HIGH'
			then 1
		else 0
	end) as high_line_count,
	sum(case
		when o_orderpriority <> '1-URGENT'
			and o_orderpriority <> '2-HIGH'
			then 1
		else 0
	end) as low_line_count
from
	orders,
	lineitem
where
	o_orderkey = l_orderkey
	and l_shipmode in ('REG AIR', 'TRUCK')
	and l_commitdate < l_receiptdate
	and l_shipdate < l_commitdate
	and l_receiptdate >= date '1994-01-01'
	and l_receiptdate < date '1994-01-01' + interval '1 year'
group by
	l_shipmode
order by
	l_shipmode;",active,2014-11-19 09:01:35.089051+01
1416384103.03095,dbt3,8173,10,mark,psql,,-1,2014-11-19 09:01:40.876963+01,2014-11-19 09:01:40.878613+01,2014-11-19 09:01:40.878816+01,f,"select
	ps_partkey,
	sum(ps_supplycost * ps_availqty) as value
from
	partsupp,
	supplier,
	nation
where
	ps_suppkey = s_suppkey
	and s_nationkey = n_nationkey
	and n_name = 'JAPAN'
group by
	ps_partkey having
		sum(ps_supplycost * ps_availqty) > (
			select
				sum(ps_supplycost * ps_availqty) * 0.0000100000
			from
				partsupp,
				supplier,
				nation
			where
				ps_suppkey = s_suppkey
				and s_nationkey = n_nationkey
				and n_name = 'JAPAN'
		)
order by
	value desc;",active,2014-11-19 09:01:40.878818+01
1416384103.03095,dbt3,8003,10,mark,psql,,-1,2014-11-19 09:00:44.071125+01,2014-11-19 09:00:44.072728+01,2014-11-19 09:00:44.072863+01,f,"select
	nation,
	o_year,
	sum(amount) as sum_profit
from
	(
		select
			n_name as nation,
			extract(year from o_orderdate) as o_year,
			l_extendedprice * (1 - l_discount) - ps_supplycost * l_quantity as amount
		from
			part,
			supplier,
			lineitem,
			partsupp,
			orders,
			nation
		where
			s_suppkey = l_suppkey
			and ps_suppkey = l_suppkey
			and ps_partkey = l_partkey
			and p_partkey = l_partkey
			and o_orderkey = l_orderkey
			and s_nationkey = n_nationkey
			and p_name like '%blush%'
	) as profit
group by
	nation,
	o_year
order by
	nation,
	o_year desc;",active,2014-11-19 09:00:44.072864+01
1416384103.03095,dbt3,8183,10,mark,psql,,-1,2014-11-19 09:01:41.027668+01,2014-11-19 09:01:41.029286+01,2014-11-19 09:01:41.029465+01,f,"select
	n_name,
	sum(l_extendedprice * (1 - l_discount)) as revenue
from
	customer,
	orders,
	lineitem,
	supplier,
	nation,
	region
where
	c_custkey = o_custkey
	and l_orderkey = o_orderkey
	and l_suppkey = s_suppkey
	and c_nationkey = s_nationkey
	and s_nationkey = n_nationkey
	and n_regionkey = r_regionkey
	and r_name = 'ASIA'
	and o_orderdate >= date '1996-01-01'
	and o_orderdate < date '1996-01-01' + interval '1 year'
group by
	n_name
order by
	revenue desc;",active,2014-11-19 09:01:41.029466+01
1416384103.03095,dbt3,8089,10,mark,psql,,-1,2014-11-19 09:01:18.155362+01,2014-11-19 09:01:18.156987+01,2014-11-19 09:01:18.157117+01,f,"select
	c_name,
	c_custkey,
	o_orderkey,
	o_orderdate,
	o_totalprice,
	sum(l_quantity)
from
	customer,
	orders,
	lineitem
where
	o_orderkey in (
		select
			l_orderkey
		from
			lineitem
		group by
			l_orderkey having
				sum(l_quantity) > 314
	)
	and c_custkey = o_custkey
	and o_orderkey = l_orderkey
group by
	c_name,
	c_custkey,
	o_orderkey,
	o_orderdate,
	o_totalprice
order by
	o_totalprice desc,
	o_orderdate
LIMIT 100;",active,2014-11-19 09:01:18.157119+01
1416384103.03095,dbt3,7981,10,mark,psql,,-1,2014-11-19 09:00:41.289592+01,2014-11-19 09:00:41.291328+01,2014-11-19 09:00:41.291458+01,f,"select
	nation,
	o_year,
	sum(amount) as sum_profit
from
	(
		select
			n_name as nation,
			extract(year from o_orderdate) as o_year,
			l_extendedprice * (1 - l_discount) - ps_supplycost * l_quantity as amount
		from
			part,
			supplier,
			lineitem,
			partsupp,
			orders,
			nation
		where
			s_suppkey = l_suppkey
			and ps_suppkey = l_suppkey
			and ps_partkey = l_partkey
			and p_partkey = l_partkey
			and o_orderkey = l_orderkey
			and s_nationkey = n_nationkey
			and p_name like '%wheat%'
	) as profit
group by
	nation,
	o_year
order by
	nation,
	o_year desc;",active,2014-11-19 09:00:41.29146+01
1416384103.03095,dbt3,8103,10,mark,psql,,-1,2014-11-19 09:01:22.269255+01,2014-11-19 09:01:22.271002+01,2014-11-19 09:01:22.293526+01,f,"DELETE FROM lineitem
USING tmp_orderkey6
WHERE l_orderkey = orderkey;",active,2014-11-19 09:01:22.293528+01
1416384103.03095,dbt3,8191,10,mark,psql,,-1,2014-11-19 09:01:43.029188+01,2014-11-19 09:01:43.030962+01,2014-11-19 09:01:43.030962+01,f,"COPY (SELECT EXTRACT(EPOCH FROM TRANSACTION_TIMESTAMP()) AS ctime, relname, pid, mode, granted FROM pg_locks, pg_class WHERE relfilenode = relation ORDER BY relname) TO STDOUT (FORMAT CSV);",active,2014-11-19 09:01:43.030965+01
1416384103.03095,dbt3,8192,10,mark,psql,,-1,2014-11-19 09:01:43.029287+01,2014-11-19 09:01:43.030948+01,2014-11-19 09:01:43.030948+01,f,"COPY (SELECT EXTRACT(EPOCH FROM TRANSACTION_TIMESTAMP()) AS ctime, datname, pid, usesysid, usename, application_name, client_addr, client_port, backend_start, xact_start, query_start, waiting, query , state, state_change FROM pg_stat_activity) TO STDOUT (FORMAT CSV);",active,2014-11-19 09:01:43.030953+01
1416384103.03095,dbt3,8193,10,mark,psql,,-1,2014-11-19 09:01:43.029378+01,2014-11-19 09:01:43.030975+01,2014-11-19 09:01:43.030975+01,f,"COPY (SELECT EXTRACT(EPOCH FROM TRANSACTION_TIMESTAMP()) AS ctime, datname, numbackends, xact_commit, xact_rollback, blks_read, blks_hit, tup_returned, tup_fetched, tup_inserted, tup_updated, tup_deleted FROM pg_stat_database) TO STDOUT (FORMAT CSV);",active,2014-11-19 09:01:43.030979+01
1416384103.03095,dbt3,8194,10,mark,psql,,-1,2014-11-19 09:01:43.029456+01,2014-11-19 09:01:43.031127+01,2014-11-19 09:01:43.031127+01,f,"COPY (SELECT EXTRACT(EPOCH FROM TRANSACTION_TIMESTAMP()) AS ctime, a.schemaname, a.relname, seq_scan, seq_tup_read, idx_scan, idx_tup_fetch, n_tup_ins, n_tup_upd, n_tup_del, n_tup_hot_upd, n_live_tup, n_dead_tup, heap_blks_read, heap_blks_hit, idx_blks_read, idx_blks_hit, toast_blks_read, toast_blks_hit, tidx_blks_read, tidx_blks_hit FROM pg_statio_all_tables a, pg_stat_all_tables b WHERE a.relid = b.relid) TO STDOUT (FORMAT CSV);",active,2014-11-19 09:01:43.031131+01
1416384103.03095,dbt3,8195,10,mark,psql,,-1,2014-11-19 09:01:43.029568+01,2014-11-19 09:01:43.031134+01,2014-11-19 09:01:43.031134+01,f,"COPY (SELECT EXTRACT(EPOCH FROM TRANSACTION_TIMESTAMP()) AS ctime, a.schemaname, a.relname, a.indexrelname, idx_scan, idx_tup_read, idx_tup_fetch, idx_blks_read, idx_blks_hit FROM pg_stat_all_indexes a, pg_statio_all_indexes b WHERE a.indexrelid = b.indexrelid) TO STDOUT (FORMAT CSV);",active,2014-11-19 09:01:43.031137+01
1416384163.03292,dbt3,8479,10,mark,psql,,-1,2014-11-19 09:02:42.331924+01,2014-11-19 09:02:42.333609+01,2014-11-19 09:02:42.333819+01,f,"select
	c_custkey,
	c_name,
	sum(l_extendedprice * (1 - l_discount)) as revenue,
	c_acctbal,
	n_name,
	c_address,
	c_phone,
	c_comment
from
	customer,
	orders,
	lineitem,
	nation
where
	c_custkey = o_custkey
	and l_orderkey = o_orderkey
	and o_orderdate >= date '1994-05-01'
	and o_orderdate < cast(date '1994-05-01' + interval '3 month' as date)
	and l_returnflag = 'R'
	and c_nationkey = n_nationkey
group by
	c_custkey,
	c_name,
	c_acctbal,
	c_phone,
	n_name,
	c_address,
	c_comment
order by
	revenue desc
LIMIT 20;",active,2014-11-19 09:02:42.333821+01
1416384163.03292,dbt3,8401,10,mark,psql,,-1,2014-11-19 09:02:33.495534+01,2014-11-19 09:02:33.497133+01,2014-11-19 09:02:33.497326+01,f,"select
	l_returnflag,
	l_linestatus,
	sum(l_quantity) as sum_qty,
	sum(l_extendedprice) as sum_base_price,
	sum(l_extendedprice * (1 - l_discount)) as sum_disc_price,
	sum(l_extendedprice * (1 - l_discount) * (1 + l_tax)) as sum_charge,
	avg(l_quantity) as avg_qty,
	avg(l_extendedprice) as avg_price,
	avg(l_discount) as avg_disc,
	count(*) as count_order
from
	lineitem
where
	l_shipdate <= date '1998-12-01' - interval '66 days'
group by
	l_returnflag,
	l_linestatus
order by
	l_returnflag,
	l_linestatus;",active,2014-11-19 09:02:33.497327+01
1416384163.03292,dbt3,8468,10,mark,psql,,-1,2014-11-19 09:02:40.787677+01,2014-11-19 09:02:40.789504+01,2014-11-19 09:02:40.789652+01,f,"select
	c_custkey,
	c_name,
	sum(l_extendedprice * (1 - l_discount)) as revenue,
	c_acctbal,
	n_name,
	c_address,
	c_phone,
	c_comment
from
	customer,
	orders,
	lineitem,
	nation
where
	c_custkey = o_custkey
	and l_orderkey = o_orderkey
	and o_orderdate >= date '1994-09-01'
	and o_orderdate < cast(date '1994-09-01' + interval '3 month' as date)
	and l_returnflag = 'R'
	and c_nationkey = n_nationkey
group by
	c_custkey,
	c_name,
	c_acctbal,
	c_phone,
	n_name,
	c_address,
	c_comment
order by
	revenue desc
LIMIT 20;",active,2014-11-19 09:02:40.789654+01
1416384163.03292,dbt3,8441,10,mark,psql,,-1,2014-11-19 09:02:36.796088+01,2014-11-19 09:02:36.797708+01,2014-11-19 09:02:36.797887+01,f,"select
	c_count,
	count(*) as custdist
from
	(
		select
			c_custkey,
			count(o_orderkey)
		from
			customer left outer join orders on
				c_custkey = o_custkey
				and o_comment not like '%special%accounts%'
		group by
			c_custkey
	) as c_orders (c_custkey, c_count)
group by
	c_count
order by
	custdist desc,
	c_count desc;",active,2014-11-19 09:02:36.797888+01
1416384163.03292,dbt3,8381,10,mark,psql,,-1,2014-11-19 09:02:30.748531+01,2014-11-19 09:02:30.750009+01,2014-11-19 09:02:30.75014+01,f,"select
	nation,
	o_year,
	sum(amount) as sum_profit
from
	(
		select
			n_name as nation,
			extract(year from o_orderdate) as o_year,
			l_extendedprice * (1 - l_discount) - ps_supplycost * l_quantity as amount
		from
			part,
			supplier,
			lineitem,
			partsupp,
			orders,
			nation
		where
			s_suppkey = l_suppkey
			and ps_suppkey = l_suppkey
			and ps_partkey = l_partkey
			and p_partkey = l_partkey
			and o_orderkey = l_orderkey
			and s_nationkey = n_nationkey
			and p_name like '%chocolate%'
	) as profit
group by
	nation,
	o_year
order by
	nation,
	o_year desc;",active,2014-11-19 09:02:30.750142+01
1416384163.03292,dbt3,8431,10,mark,psql,,-1,2014-11-19 09:02:35.96232+01,2014-11-19 09:02:35.963737+01,2014-11-19 09:02:35.963931+01,f,"select
	cntrycode,
	count(*) as numcust,
	sum(c_acctbal) as totacctbal
from
	(
		select
			substr(c_phone, 1, 2) as cntrycode,
			c_acctbal
		from
			customer
		where
			substr(c_phone, 1, 2) in
				('31', '23', '12', '18', '10', '11', '15')
			and c_acctbal > (
				select
					avg(c_acctbal)
				from
					customer
				where
					c_acctbal > 0.00
					and substr(c_phone, 1, 2) in
						('31', '23', '12', '18', '10', '11', '15')
			)
			and not exists (
				select
					*
				from
					orders
				where
					o_custkey = c_custkey
			)
	) as vip
group by
	cntrycode
order by
	cntrycode;",active,2014-11-19 09:02:35.963932+01
1416384163.03292,dbt3,8487,10,mark,psql,,-1,2014-11-19 09:02:43.031052+01,2014-11-19 09:02:43.032917+01,2014-11-19 09:02:43.032917+01,f,"COPY (SELECT EXTRACT(EPOCH FROM TRANSACTION_TIMESTAMP()) AS ctime, datname, pid, usesysid, usename, application_name, client_addr, client_port, backend_start, xact_start, query_start, waiting, query , state, state_change FROM pg_stat_activity) TO STDOUT (FORMAT CSV);",active,2014-11-19 09:02:43.032921+01
1416384163.03292,dbt3,8488,10,mark,psql,,-1,2014-11-19 09:02:43.031133+01,2014-11-19 09:02:43.03292+01,2014-11-19 09:02:43.03292+01,f,"COPY (SELECT EXTRACT(EPOCH FROM TRANSACTION_TIMESTAMP()) AS ctime, relname, pid, mode, granted FROM pg_locks, pg_class WHERE relfilenode = relation ORDER BY relname) TO STDOUT (FORMAT CSV);",active,2014-11-19 09:02:43.032924+01
1416384163.03292,dbt3,8486,10,mark,psql,,-1,2014-11-19 09:02:43.030936+01,2014-11-19 09:02:43.032931+01,2014-11-19 09:02:43.032931+01,f,"COPY (SELECT EXTRACT(EPOCH FROM TRANSACTION_TIMESTAMP()) AS ctime, datname, numbackends, xact_commit, xact_rollback, blks_read, blks_hit, tup_returned, tup_fetched, tup_inserted, tup_updated, tup_deleted FROM pg_stat_database) TO STDOUT (FORMAT CSV);",active,2014-11-19 09:02:43.032934+01
1416384163.03292,dbt3,8489,10,mark,psql,,-1,2014-11-19 09:02:43.031232+01,2014-11-19 09:02:43.03292+01,2014-11-19 09:02:43.03292+01,f,"COPY (SELECT EXTRACT(EPOCH FROM TRANSACTION_TIMESTAMP()) AS ctime, a.schemaname, a.relname, a.indexrelname, idx_scan, idx_tup_read, idx_tup_fetch, idx_blks_read, idx_blks_hit FROM pg_stat_all_indexes a, pg_statio_all_indexes b WHERE a.indexrelid = b.indexrelid) TO STDOUT (FORMAT CSV);",active,2014-11-19 09:02:43.032923+01
1416384163.03292,dbt3,8490,10,mark,psql,,-1,2014-11-19 09:02:43.031313+01,2014-11-19 09:02:43.032976+01,2014-11-19 09:02:43.032976+01,f,"COPY (SELECT EXTRACT(EPOCH FROM TRANSACTION_TIMESTAMP()) AS ctime, a.schemaname, a.relname, seq_scan, seq_tup_read, idx_scan, idx_tup_fetch, n_tup_ins, n_tup_upd, n_tup_del, n_tup_hot_upd, n_live_tup, n_dead_tup, heap_blks_read, heap_blks_hit, idx_blks_read, idx_blks_hit, toast_blks_read, toast_blks_hit, tidx_blks_read, tidx_blks_hit FROM pg_statio_all_tables a, pg_stat_all_tables b WHERE a.relid = b.relid) TO STDOUT (FORMAT CSV);",active,2014-11-19 09:02:43.03298+01
1416384223.03475,dbt3,8596,10,mark,psql,,-1,2014-11-19 09:03:25.106277+01,2014-11-19 09:03:25.107886+01,2014-11-19 09:03:25.108082+01,f,"select
	nation,
	o_year,
	sum(amount) as sum_profit
from
	(
		select
			n_name as nation,
			extract(year from o_orderdate) as o_year,
			l_extendedprice * (1 - l_discount) - ps_supplycost * l_quantity as amount
		from
			part,
			supplier,
			lineitem,
			partsupp,
			orders,
			nation
		where
			s_suppkey = l_suppkey
			and ps_suppkey = l_suppkey
			and ps_partkey = l_partkey
			and p_partkey = l_partkey
			and o_orderkey = l_orderkey
			and s_nationkey = n_nationkey
			and p_name like '%forest%'
	) as profit
group by
	nation,
	o_year
order by
	nation,
	o_year desc;",active,2014-11-19 09:03:25.108084+01
1416384223.03475,dbt3,8401,10,mark,psql,,-1,2014-11-19 09:02:33.495534+01,2014-11-19 09:02:33.497133+01,2014-11-19 09:02:33.497326+01,f,"select
	l_returnflag,
	l_linestatus,
	sum(l_quantity) as sum_qty,
	sum(l_extendedprice) as sum_base_price,
	sum(l_extendedprice * (1 - l_discount)) as sum_disc_price,
	sum(l_extendedprice * (1 - l_discount) * (1 + l_tax)) as sum_charge,
	avg(l_quantity) as avg_qty,
	avg(l_extendedprice) as avg_price,
	avg(l_discount) as avg_disc,
	count(*) as count_order
from
	lineitem
where
	l_shipdate <= date '1998-12-01' - interval '66 days'
group by
	l_returnflag,
	l_linestatus
order by
	l_returnflag,
	l_linestatus;",active,2014-11-19 09:02:33.497327+01
1416384223.03475,dbt3,8538,10,mark,psql,,-1,2014-11-19 09:03:02.173641+01,2014-11-19 09:03:02.1754+01,2014-11-19 09:03:02.175537+01,f,"select
	c_name,
	c_custkey,
	o_orderkey,
	o_orderdate,
	o_totalprice,
	sum(l_quantity)
from
	customer,
	orders,
	lineitem
where
	o_orderkey in (
		select
			l_orderkey
		from
			lineitem
		group by
			l_orderkey having
				sum(l_quantity) > 312
	)
	and c_custkey = o_custkey
	and o_orderkey = l_orderkey
group by
	c_name,
	c_custkey,
	o_orderkey,
	o_orderdate,
	o_totalprice
order by
	o_totalprice desc,
	o_orderdate
LIMIT 100;",active,2014-11-19 09:03:02.175539+01
1416384223.03475,dbt3,8528,10,mark,psql,,-1,2014-11-19 09:03:02.137626+01,2014-11-19 09:03:02.139258+01,2014-11-19 09:03:02.139387+01,f,"select
	c_name,
	c_custkey,
	o_orderkey,
	o_orderdate,
	o_totalprice,
	sum(l_quantity)
from
	customer,
	orders,
	lineitem
where
	o_orderkey in (
		select
			l_orderkey
		from
			lineitem
		group by
			l_orderkey having
				sum(l_quantity) > 313
	)
	and c_custkey = o_custkey
	and o_orderkey = l_orderkey
group by
	c_name,
	c_custkey,
	o_orderkey,
	o_orderdate,
	o_totalprice
order by
	o_totalprice desc,
	o_orderdate
LIMIT 100;",active,2014-11-19 09:03:02.139388+01
1416384223.03475,dbt3,8381,10,mark,psql,,-1,2014-11-19 09:02:30.748531+01,2014-11-19 09:02:30.750009+01,2014-11-19 09:02:30.75014+01,f,"select
	nation,
	o_year,
	sum(amount) as sum_profit
from
	(
		select
			n_name as nation,
			extract(year from o_orderdate) as o_year,
			l_extendedprice * (1 - l_discount) - ps_supplycost * l_quantity as amount
		from
			part,
			supplier,
			lineitem,
			partsupp,
			orders,
			nation
		where
			s_suppkey = l_suppkey
			and ps_suppkey = l_suppkey
			and ps_partkey = l_partkey
			and p_partkey = l_partkey
			and o_orderkey = l_orderkey
			and s_nationkey = n_nationkey
			and p_name like '%chocolate%'
	) as profit
group by
	nation,
	o_year
order by
	nation,
	o_year desc;",active,2014-11-19 09:02:30.750142+01
1416384223.03475,dbt3,8606,10,mark,psql,,-1,2014-11-19 09:03:40.887592+01,2014-11-19 09:03:40.889066+01,2014-11-19 09:03:40.889203+01,f,"select
	l_shipmode,
	sum(case
		when o_orderpriority = '1-URGENT'
			or o_orderpriority = '2-HIGH'
			then 1
		else 0
	end) as high_line_count,
	sum(case
		when o_orderpriority <> '1-URGENT'
			and o_orderpriority <> '2-HIGH'
			then 1
		else 0
	end) as low_line_count
from
	orders,
	lineitem
where
	o_orderkey = l_orderkey
	and l_shipmode in ('AIR', 'FOB')
	and l_commitdate < l_receiptdate
	and l_shipdate < l_commitdate
	and l_receiptdate >= date '1997-01-01'
	and l_receiptdate < date '1997-01-01' + interval '1 year'
group by
	l_shipmode
order by
	l_shipmode;",active,2014-11-19 09:03:40.889204+01
1416384223.03475,dbt3,8615,10,mark,psql,,-1,2014-11-19 09:03:43.032796+01,2014-11-19 09:03:43.034554+01,2014-11-19 09:03:43.034554+01,f,"COPY (SELECT EXTRACT(EPOCH FROM TRANSACTION_TIMESTAMP()) AS ctime, datname, numbackends, xact_commit, xact_rollback, blks_read, blks_hit, tup_returned, tup_fetched, tup_inserted, tup_updated, tup_deleted FROM pg_stat_database) TO STDOUT (FORMAT CSV);",active,2014-11-19 09:03:43.034558+01
1416384223.03475,dbt3,8616,10,mark,psql,,-1,2014-11-19 09:03:43.032903+01,2014-11-19 09:03:43.034585+01,2014-11-19 09:03:43.034585+01,f,"COPY (SELECT EXTRACT(EPOCH FROM TRANSACTION_TIMESTAMP()) AS ctime, a.schemaname, a.relname, seq_scan, seq_tup_read, idx_scan, idx_tup_fetch, n_tup_ins, n_tup_upd, n_tup_del, n_tup_hot_upd, n_live_tup, n_dead_tup, heap_blks_read, heap_blks_hit, idx_blks_read, idx_blks_hit, toast_blks_read, toast_blks_hit, tidx_blks_read, tidx_blks_hit FROM pg_statio_all_tables a, pg_stat_all_tables b WHERE a.relid = b.relid) TO STDOUT (FORMAT CSV);",active,2014-11-19 09:03:43.034589+01
1416384223.03475,dbt3,8614,10,mark,psql,,-1,2014-11-19 09:03:43.032698+01,2014-11-19 09:03:43.034746+01,2014-11-19 09:03:43.034746+01,f,"COPY (SELECT EXTRACT(EPOCH FROM TRANSACTION_TIMESTAMP()) AS ctime, datname, pid, usesysid, usename, application_name, client_addr, client_port, backend_start, xact_start, query_start, waiting, query , state, state_change FROM pg_stat_activity) TO STDOUT (FORMAT CSV);",active,2014-11-19 09:03:43.03475+01
1416384223.03475,dbt3,8617,10,mark,psql,,-1,2014-11-19 09:03:43.032992+01,2014-11-19 09:03:43.034776+01,2014-11-19 09:03:43.034776+01,f,"COPY (SELECT EXTRACT(EPOCH FROM TRANSACTION_TIMESTAMP()) AS ctime, relname, pid, mode, granted FROM pg_locks, pg_class WHERE relfilenode = relation ORDER BY relname) TO STDOUT (FORMAT CSV);",active,2014-11-19 09:03:43.03478+01
1416384223.03475,dbt3,8618,10,mark,psql,,-1,2014-11-19 09:03:43.033095+01,2014-11-19 09:03:43.034579+01,2014-11-19 09:03:43.034579+01,f,"COPY (SELECT EXTRACT(EPOCH FROM TRANSACTION_TIMESTAMP()) AS ctime, a.schemaname, a.relname, a.indexrelname, idx_scan, idx_tup_read, idx_tup_fetch, idx_blks_read, idx_blks_hit FROM pg_stat_all_indexes a, pg_statio_all_indexes b WHERE a.indexrelid = b.indexrelid) TO STDOUT (FORMAT CSV);",active,2014-11-19 09:03:43.034582+01
1416384283.03638,dbt3,8596,10,mark,psql,,-1,2014-11-19 09:03:25.106277+01,2014-11-19 09:03:25.107886+01,2014-11-19 09:03:25.108082+01,f,"select
	nation,
	o_year,
	sum(amount) as sum_profit
from
	(
		select
			n_name as nation,
			extract(year from o_orderdate) as o_year,
			l_extendedprice * (1 - l_discount) - ps_supplycost * l_quantity as amount
		from
			part,
			supplier,
			lineitem,
			partsupp,
			orders,
			nation
		where
			s_suppkey = l_suppkey
			and ps_suppkey = l_suppkey
			and ps_partkey = l_partkey
			and p_partkey = l_partkey
			and o_orderkey = l_orderkey
			and s_nationkey = n_nationkey
			and p_name like '%forest%'
	) as profit
group by
	nation,
	o_year
order by
	nation,
	o_year desc;",active,2014-11-19 09:03:25.108084+01
1416384283.03638,dbt3,8729,10,mark,psql,,-1,2014-11-19 09:04:38.163628+01,2014-11-19 09:04:38.165163+01,2014-11-19 09:04:38.165307+01,f,"select
	l_shipmode,
	sum(case
		when o_orderpriority = '1-URGENT'
			or o_orderpriority = '2-HIGH'
			then 1
		else 0
	end) as high_line_count,
	sum(case
		when o_orderpriority <> '1-URGENT'
			and o_orderpriority <> '2-HIGH'
			then 1
		else 0
	end) as low_line_count
from
	orders,
	lineitem
where
	o_orderkey = l_orderkey
	and l_shipmode in ('RAIL', 'AIR')
	and l_commitdate < l_receiptdate
	and l_shipdate < l_commitdate
	and l_receiptdate >= date '1996-01-01'
	and l_receiptdate < date '1996-01-01' + interval '1 year'
group by
	l_shipmode
order by
	l_shipmode;",active,2014-11-19 09:04:38.165308+01
1416384283.03638,dbt3,8658,10,mark,psql,,-1,2014-11-19 09:04:00.241863+01,2014-11-19 09:04:00.243532+01,2014-11-19 09:04:00.243727+01,f,"select
	l_returnflag,
	l_linestatus,
	sum(l_quantity) as sum_qty,
	sum(l_extendedprice) as sum_base_price,
	sum(l_extendedprice * (1 - l_discount)) as sum_disc_price,
	sum(l_extendedprice * (1 - l_discount) * (1 + l_tax)) as sum_charge,
	avg(l_quantity) as avg_qty,
	avg(l_extendedprice) as avg_price,
	avg(l_discount) as avg_disc,
	count(*) as count_order
from
	lineitem
where
	l_shipdate <= date '1998-12-01' - interval '119 days'
group by
	l_returnflag,
	l_linestatus
order by
	l_returnflag,
	l_linestatus;",active,2014-11-19 09:04:00.243729+01
1416384283.03638,dbt3,8638,10,mark,psql,,-1,2014-11-19 09:03:58.943803+01,2014-11-19 09:03:58.945539+01,2014-11-19 09:03:58.945682+01,f,"select
	l_returnflag,
	l_linestatus,
	sum(l_quantity) as sum_qty,
	sum(l_extendedprice) as sum_base_price,
	sum(l_extendedprice * (1 - l_discount)) as sum_disc_price,
	sum(l_extendedprice * (1 - l_discount) * (1 + l_tax)) as sum_charge,
	avg(l_quantity) as avg_qty,
	avg(l_extendedprice) as avg_price,
	avg(l_discount) as avg_disc,
	count(*) as count_order
from
	lineitem
where
	l_shipdate <= date '1998-12-01' - interval '103 days'
group by
	l_returnflag,
	l_linestatus
order by
	l_returnflag,
	l_linestatus;",active,2014-11-19 09:03:58.945683+01
1416384283.03638,dbt3,8739,10,mark,psql,,-1,2014-11-19 09:04:39.020303+01,2014-11-19 09:04:39.021714+01,2014-11-19 09:04:39.021863+01,f,"select
	s_name,
	s_address
from
	supplier,
	nation
where
	s_suppkey in (
		select
			ps_suppkey
		from
			partsupp
		where
			ps_partkey in (
				select
					p_partkey
				from
					part
				where
					p_name like 'khaki%'
			)
			and ps_availqty > (
				select
					0.5 * sum(l_quantity)
				from
					lineitem
				where
					l_partkey = ps_partkey
					and l_suppkey = ps_suppkey
					and l_shipdate >= '1996-01-01'
					and l_shipdate < cast(date '1996-01-01' + interval '1 year' as date)
			)
	)
	and s_nationkey = n_nationkey
	and n_name = 'BRAZIL'
order by
	s_name;",active,2014-11-19 09:04:39.021865+01
1416384283.03638,dbt3,8628,10,mark,psql,,-1,2014-11-19 09:03:58.879478+01,2014-11-19 09:03:58.881014+01,2014-11-19 09:03:58.881214+01,f,"select
	l_returnflag,
	l_linestatus,
	sum(l_quantity) as sum_qty,
	sum(l_extendedprice) as sum_base_price,
	sum(l_extendedprice * (1 - l_discount)) as sum_disc_price,
	sum(l_extendedprice * (1 - l_discount) * (1 + l_tax)) as sum_charge,
	avg(l_quantity) as avg_qty,
	avg(l_extendedprice) as avg_price,
	avg(l_discount) as avg_disc,
	count(*) as count_order
from
	lineitem
where
	l_shipdate <= date '1998-12-01' - interval '74 days'
group by
	l_returnflag,
	l_linestatus
order by
	l_returnflag,
	l_linestatus;",active,2014-11-19 09:03:58.881215+01
1416384283.03638,dbt3,8748,10,mark,psql,,-1,2014-11-19 09:04:43.034571+01,2014-11-19 09:04:43.036378+01,2014-11-19 09:04:43.036378+01,f,"COPY (SELECT EXTRACT(EPOCH FROM TRANSACTION_TIMESTAMP()) AS ctime, datname, pid, usesysid, usename, application_name, client_addr, client_port, backend_start, xact_start, query_start, waiting, query , state, state_change FROM pg_stat_activity) TO STDOUT (FORMAT CSV);",active,2014-11-19 09:04:43.036383+01
1416384283.03638,dbt3,8749,10,mark,psql,,-1,2014-11-19 09:04:43.034646+01,2014-11-19 09:04:43.03645+01,2014-11-19 09:04:43.03645+01,f,"COPY (SELECT EXTRACT(EPOCH FROM TRANSACTION_TIMESTAMP()) AS ctime, datname, numbackends, xact_commit, xact_rollback, blks_read, blks_hit, tup_returned, tup_fetched, tup_inserted, tup_updated, tup_deleted FROM pg_stat_database) TO STDOUT (FORMAT CSV);",active,2014-11-19 09:04:43.036453+01
1416384283.03638,dbt3,8750,10,mark,psql,,-1,2014-11-19 09:04:43.034742+01,2014-11-19 09:04:43.036439+01,2014-11-19 09:04:43.036439+01,f,"COPY (SELECT EXTRACT(EPOCH FROM TRANSACTION_TIMESTAMP()) AS ctime, relname, pid, mode, granted FROM pg_locks, pg_class WHERE relfilenode = relation ORDER BY relname) TO STDOUT (FORMAT CSV);",active,2014-11-19 09:04:43.036443+01
1416384283.03638,dbt3,8747,10,mark,psql,,-1,2014-11-19 09:04:43.034417+01,2014-11-19 09:04:43.036443+01,2014-11-19 09:04:43.036443+01,f,"COPY (SELECT EXTRACT(EPOCH FROM TRANSACTION_TIMESTAMP()) AS ctime, a.schemaname, a.relname, seq_scan, seq_tup_read, idx_scan, idx_tup_fetch, n_tup_ins, n_tup_upd, n_tup_del, n_tup_hot_upd, n_live_tup, n_dead_tup, heap_blks_read, heap_blks_hit, idx_blks_read, idx_blks_hit, toast_blks_read, toast_blks_hit, tidx_blks_read, tidx_blks_hit FROM pg_statio_all_tables a, pg_stat_all_tables b WHERE a.relid = b.relid) TO STDOUT (FORMAT CSV);",active,2014-11-19 09:04:43.036447+01
1416384283.03638,dbt3,8751,10,mark,psql,,-1,2014-11-19 09:04:43.034845+01,2014-11-19 09:04:43.036383+01,2014-11-19 09:04:43.036383+01,f,"COPY (SELECT EXTRACT(EPOCH FROM TRANSACTION_TIMESTAMP()) AS ctime, a.schemaname, a.relname, a.indexrelname, idx_scan, idx_tup_read, idx_tup_fetch, idx_blks_read, idx_blks_hit FROM pg_stat_all_indexes a, pg_statio_all_indexes b WHERE a.indexrelid = b.indexrelid) TO STDOUT (FORMAT CSV);",active,2014-11-19 09:04:43.036386+01
1416384343.03839,dbt3,8801,10,mark,psql,,-1,2014-11-19 09:04:58.118009+01,2014-11-19 09:04:58.119495+01,2014-11-19 09:04:58.119653+01,f,"select
	l_returnflag,
	l_linestatus,
	sum(l_quantity) as sum_qty,
	sum(l_extendedprice) as sum_base_price,
	sum(l_extendedprice * (1 - l_discount)) as sum_disc_price,
	sum(l_extendedprice * (1 - l_discount) * (1 + l_tax)) as sum_charge,
	avg(l_quantity) as avg_qty,
	avg(l_extendedprice) as avg_price,
	avg(l_discount) as avg_disc,
	count(*) as count_order
from
	lineitem
where
	l_shipdate <= date '1998-12-01' - interval '94 days'
group by
	l_returnflag,
	l_linestatus
order by
	l_returnflag,
	l_linestatus;",active,2014-11-19 09:04:58.119654+01
1416384343.03839,dbt3,8822,10,mark,psql,,-1,2014-11-19 09:05:18.739227+01,2014-11-19 09:05:18.740586+01,2014-11-19 09:05:18.740731+01,f,"select
	nation,
	o_year,
	sum(amount) as sum_profit
from
	(
		select
			n_name as nation,
			extract(year from o_orderdate) as o_year,
			l_extendedprice * (1 - l_discount) - ps_supplycost * l_quantity as amount
		from
			part,
			supplier,
			lineitem,
			partsupp,
			orders,
			nation
		where
			s_suppkey = l_suppkey
			and ps_suppkey = l_suppkey
			and ps_partkey = l_partkey
			and p_partkey = l_partkey
			and o_orderkey = l_orderkey
			and s_nationkey = n_nationkey
			and p_name like '%azure%'
	) as profit
group by
	nation,
	o_year
order by
	nation,
	o_year desc;",active,2014-11-19 09:05:18.740732+01
1416384343.03839,dbt3,8872,10,mark,psql,,-1,2014-11-19 09:05:28.665312+01,2014-11-19 09:05:28.667008+01,2014-11-19 09:05:28.6672+01,f,"select
	c_count,
	count(*) as custdist
from
	(
		select
			c_custkey,
			count(o_orderkey)
		from
			customer left outer join orders on
				c_custkey = o_custkey
				and o_comment not like '%special%accounts%'
		group by
			c_custkey
	) as c_orders (c_custkey, c_count)
group by
	c_count
order by
	custdist desc,
	c_count desc;",active,2014-11-19 09:05:28.667202+01
1416384343.03839,dbt3,8882,10,mark,psql,,-1,2014-11-19 09:05:35.909752+01,2014-11-19 09:05:35.911272+01,2014-11-19 09:05:35.911413+01,f,"select
	s_name,
	s_address
from
	supplier,
	nation
where
	s_suppkey in (
		select
			ps_suppkey
		from
			partsupp
		where
			ps_partkey in (
				select
					p_partkey
				from
					part
				where
					p_name like 'antique%'
			)
			and ps_availqty > (
				select
					0.5 * sum(l_quantity)
				from
					lineitem
				where
					l_partkey = ps_partkey
					and l_suppkey = ps_suppkey
					and l_shipdate >= '1993-01-01'
					and l_shipdate < cast(date '1993-01-01' + interval '1 year' as date)
			)
	)
	and s_nationkey = n_nationkey
	and n_name = 'JAPAN'
order by
	s_name;",active,2014-11-19 09:05:35.911414+01
1416384343.03839,dbt3,8852,10,mark,psql,,-1,2014-11-19 09:05:27.3239+01,2014-11-19 09:05:27.325502+01,2014-11-19 09:05:27.32563+01,f,"select
	c_count,
	count(*) as custdist
from
	(
		select
			c_custkey,
			count(o_orderkey)
		from
			customer left outer join orders on
				c_custkey = o_custkey
				and o_comment not like '%special%accounts%'
		group by
			c_custkey
	) as c_orders (c_custkey, c_count)
group by
	c_count
order by
	custdist desc,
	c_count desc;",active,2014-11-19 09:05:27.325632+01
1416384343.03839,dbt3,8892,10,mark,psql,,-1,2014-11-19 09:05:37.987568+01,2014-11-19 09:05:37.989043+01,2014-11-19 09:05:37.989214+01,f,"select
	p_brand,
	p_type,
	p_size,
	count(distinct ps_suppkey) as supplier_cnt
from
	partsupp,
	part
where
	p_partkey = ps_partkey
	and p_brand <> 'Brand#32'
	and p_type not like 'PROMO ANODIZED%'
	and p_size in (30, 35, 39, 44, 28, 7, 18, 4)
	and ps_suppkey not in (
		select
			s_suppkey
		from
			supplier
		where
			s_comment like '%Customer%Complaints%'
	)
group by
	p_brand,
	p_type,
	p_size
order by
	supplier_cnt desc,
	p_brand,
	p_type,
	p_size;",active,2014-11-19 09:05:37.989215+01
1416384343.03839,dbt3,8901,10,mark,psql,,-1,2014-11-19 09:05:43.036404+01,2014-11-19 09:05:43.03839+01,2014-11-19 09:05:43.03839+01,f,"COPY (SELECT EXTRACT(EPOCH FROM TRANSACTION_TIMESTAMP()) AS ctime, datname, pid, usesysid, usename, application_name, client_addr, client_port, backend_start, xact_start, query_start, waiting, query , state, state_change FROM pg_stat_activity) TO STDOUT (FORMAT CSV);",active,2014-11-19 09:05:43.038393+01
1416384343.03839,dbt3,8902,10,mark,psql,,-1,2014-11-19 09:05:43.036501+01,2014-11-19 09:05:43.038368+01,2014-11-19 09:05:43.038368+01,f,"COPY (SELECT EXTRACT(EPOCH FROM TRANSACTION_TIMESTAMP()) AS ctime, a.schemaname, a.relname, seq_scan, seq_tup_read, idx_scan, idx_tup_fetch, n_tup_ins, n_tup_upd, n_tup_del, n_tup_hot_upd, n_live_tup, n_dead_tup, heap_blks_read, heap_blks_hit, idx_blks_read, idx_blks_hit, toast_blks_read, toast_blks_hit, tidx_blks_read, tidx_blks_hit FROM pg_statio_all_tables a, pg_stat_all_tables b WHERE a.relid = b.relid) TO STDOUT (FORMAT CSV);",active,2014-11-19 09:05:43.038373+01
1416384343.03839,dbt3,8903,10,mark,psql,,-1,2014-11-19 09:05:43.036597+01,2014-11-19 09:05:43.03826+01,2014-11-19 09:05:43.03826+01,f,"COPY (SELECT EXTRACT(EPOCH FROM TRANSACTION_TIMESTAMP()) AS ctime, relname, pid, mode, granted FROM pg_locks, pg_class WHERE relfilenode = relation ORDER BY relname) TO STDOUT (FORMAT CSV);",active,2014-11-19 09:05:43.038264+01
1416384343.03839,dbt3,8904,10,mark,psql,,-1,2014-11-19 09:05:43.036712+01,2014-11-19 09:05:43.038397+01,2014-11-19 09:05:43.038397+01,f,"COPY (SELECT EXTRACT(EPOCH FROM TRANSACTION_TIMESTAMP()) AS ctime, a.schemaname, a.relname, a.indexrelname, idx_scan, idx_tup_read, idx_tup_fetch, idx_blks_read, idx_blks_hit FROM pg_stat_all_indexes a, pg_statio_all_indexes b WHERE a.indexrelid = b.indexrelid) TO STDOUT (FORMAT CSV);",active,2014-11-19 09:05:43.038401+01
1416384343.03839,dbt3,8900,10,mark,psql,,-1,2014-11-19 09:05:43.036323+01,2014-11-19 09:05:43.039113+01,2014-11-19 09:05:43.039113+01,f,"COPY (SELECT EXTRACT(EPOCH FROM TRANSACTION_TIMESTAMP()) AS ctime, datname, numbackends, xact_commit, xact_rollback, blks_read, blks_hit, tup_returned, tup_fetched, tup_inserted, tup_updated, tup_deleted FROM pg_stat_database) TO STDOUT (FORMAT CSV);",active,2014-11-19 09:05:43.039117+01
1416384403.04048,dbt3,9079,10,mark,psql,,-1,2014-11-19 09:06:43.038207+01,2014-11-19 09:06:43.040481+01,2014-11-19 09:06:43.040481+01,f,"COPY (SELECT EXTRACT(EPOCH FROM TRANSACTION_TIMESTAMP()) AS ctime, datname, numbackends, xact_commit, xact_rollback, blks_read, blks_hit, tup_returned, tup_fetched, tup_inserted, tup_updated, tup_deleted FROM pg_stat_database) TO STDOUT (FORMAT CSV);",active,2014-11-19 09:06:43.040485+01
1416384403.04048,dbt3,8822,10,mark,psql,,-1,2014-11-19 09:05:18.739227+01,2014-11-19 09:05:18.740586+01,2014-11-19 09:05:18.740731+01,f,"select
	nation,
	o_year,
	sum(amount) as sum_profit
from
	(
		select
			n_name as nation,
			extract(year from o_orderdate) as o_year,
			l_extendedprice * (1 - l_discount) - ps_supplycost * l_quantity as amount
		from
			part,
			supplier,
			lineitem,
			partsupp,
			orders,
			nation
		where
			s_suppkey = l_suppkey
			and ps_suppkey = l_suppkey
			and ps_partkey = l_partkey
			and p_partkey = l_partkey
			and o_orderkey = l_orderkey
			and s_nationkey = n_nationkey
			and p_name like '%azure%'
	) as profit
group by
	nation,
	o_year
order by
	nation,
	o_year desc;",active,2014-11-19 09:05:18.740732+01
1416384403.04048,dbt3,9045,10,mark,psql,,-1,2014-11-19 09:06:18.419164+01,2014-11-19 09:06:18.420712+01,2014-11-19 09:06:18.420906+01,f,"select
	l_orderkey,
	sum(l_extendedprice * (1 - l_discount)) as revenue,
	o_orderdate,
	o_shippriority
from
	customer,
	orders,
	lineitem
where
	c_mktsegment = 'AUTOMOBILE'
	and c_custkey = o_custkey
	and l_orderkey = o_orderkey
	and o_orderdate < date '1995-03-12'
	and l_shipdate > date '1995-03-12'
group by
	l_orderkey,
	o_orderdate,
	o_shippriority
order by
	revenue desc,
	o_orderdate
LIMIT 10;",active,2014-11-19 09:06:18.420908+01
1416384403.04048,dbt3,9035,10,mark,psql,,-1,2014-11-19 09:06:14.510009+01,2014-11-19 09:06:14.511551+01,2014-11-19 09:06:14.511749+01,f,"select
	s_name,
	count(*) as numwait
from
	supplier,
	lineitem l1,
	orders,
	nation
where
	s_suppkey = l1.l_suppkey
	and o_orderkey = l1.l_orderkey
	and o_orderstatus = 'F'
	and l1.l_receiptdate > l1.l_commitdate
	and exists (
		select
			*
		from
			lineitem l2
		where
			l2.l_orderkey = l1.l_orderkey
			and l2.l_suppkey <> l1.l_suppkey
	)
	and not exists (
		select
			*
		from
			lineitem l3
		where
			l3.l_orderkey = l1.l_orderkey
			and l3.l_suppkey <> l1.l_suppkey
			and l3.l_receiptdate > l3.l_commitdate
	)
	and s_nationkey = n_nationkey
	and n_name = 'ALGERIA'
group by
	s_name
order by
	numwait desc,
	s_name
LIMIT 100;",active,2014-11-19 09:06:14.511751+01
1416384403.04048,dbt3,9055,10,mark,psql,,-1,2014-11-19 09:06:20.209476+01,2014-11-19 09:06:20.211052+01,2014-11-19 09:06:20.211217+01,f,"select
	l_orderkey,
	sum(l_extendedprice * (1 - l_discount)) as revenue,
	o_orderdate,
	o_shippriority
from
	customer,
	orders,
	lineitem
where
	c_mktsegment = 'HOUSEHOLD'
	and c_custkey = o_custkey
	and l_orderkey = o_orderkey
	and o_orderdate < date '1995-03-27'
	and l_shipdate > date '1995-03-27'
group by
	l_orderkey,
	o_orderdate,
	o_shippriority
order by
	revenue desc,
	o_orderdate
LIMIT 10;",active,2014-11-19 09:06:20.211219+01
1416384403.04048,dbt3,9014,10,mark,psql,,-1,2014-11-19 09:06:10.819178+01,2014-11-19 09:06:10.820638+01,2014-11-19 09:06:10.82083+01,f,"select
	s_name,
	count(*) as numwait
from
	supplier,
	lineitem l1,
	orders,
	nation
where
	s_suppkey = l1.l_suppkey
	and o_orderkey = l1.l_orderkey
	and o_orderstatus = 'F'
	and l1.l_receiptdate > l1.l_commitdate
	and exists (
		select
			*
		from
			lineitem l2
		where
			l2.l_orderkey = l1.l_orderkey
			and l2.l_suppkey <> l1.l_suppkey
	)
	and not exists (
		select
			*
		from
			lineitem l3
		where
			l3.l_orderkey = l1.l_orderkey
			and l3.l_suppkey <> l1.l_suppkey
			and l3.l_receiptdate > l3.l_commitdate
	)
	and s_nationkey = n_nationkey
	and n_name = 'ROMANIA'
group by
	s_name
order by
	numwait desc,
	s_name
LIMIT 100;",active,2014-11-19 09:06:10.820832+01
1416384403.04048,dbt3,9080,10,mark,psql,,-1,2014-11-19 09:06:43.038304+01,2014-11-19 09:06:43.040482+01,2014-11-19 09:06:43.040482+01,f,"COPY (SELECT EXTRACT(EPOCH FROM TRANSACTION_TIMESTAMP()) AS ctime, a.schemaname, a.relname, a.indexrelname, idx_scan, idx_tup_read, idx_tup_fetch, idx_blks_read, idx_blks_hit FROM pg_stat_all_indexes a, pg_statio_all_indexes b WHERE a.indexrelid = b.indexrelid) TO STDOUT (FORMAT CSV);",active,2014-11-19 09:06:43.040485+01
1416384403.04048,dbt3,9081,10,mark,psql,,-1,2014-11-19 09:06:43.038371+01,2014-11-19 09:06:43.040512+01,2014-11-19 09:06:43.040512+01,f,"COPY (SELECT EXTRACT(EPOCH FROM TRANSACTION_TIMESTAMP()) AS ctime, a.schemaname, a.relname, seq_scan, seq_tup_read, idx_scan, idx_tup_fetch, n_tup_ins, n_tup_upd, n_tup_del, n_tup_hot_upd, n_live_tup, n_dead_tup, heap_blks_read, heap_blks_hit, idx_blks_read, idx_blks_hit, toast_blks_read, toast_blks_hit, tidx_blks_read, tidx_blks_hit FROM pg_statio_all_tables a, pg_stat_all_tables b WHERE a.relid = b.relid) TO STDOUT (FORMAT CSV);",active,2014-11-19 09:06:43.040516+01
1416384403.04048,dbt3,9082,10,mark,psql,,-1,2014-11-19 09:06:43.038497+01,2014-11-19 09:06:43.040476+01,2014-11-19 09:06:43.040476+01,f,"COPY (SELECT EXTRACT(EPOCH FROM TRANSACTION_TIMESTAMP()) AS ctime, relname, pid, mode, granted FROM pg_locks, pg_class WHERE relfilenode = relation ORDER BY relname) TO STDOUT (FORMAT CSV);",active,2014-11-19 09:06:43.04048+01
1416384403.04048,dbt3,9083,10,mark,psql,,-1,2014-11-19 09:06:43.038586+01,2014-11-19 09:06:43.040476+01,2014-11-19 09:06:43.040476+01,f,"COPY (SELECT EXTRACT(EPOCH FROM TRANSACTION_TIMESTAMP()) AS ctime, datname, pid, usesysid, usename, application_name, client_addr, client_port, backend_start, xact_start, query_start, waiting, query , state, state_change FROM pg_stat_activity) TO STDOUT (FORMAT CSV);",active,2014-11-19 09:06:43.04048+01
